,Student_Name,Average_Score
0,Student1,86.33333333333333
1,Student2,75.66666666666667
2,Student3,87.0
3,Student4,76.33333333333333
4,Student5,80.33333333333333
5,Student6,74.0
6,Student7,83.0
7,Student8,87.0
8,Student9,75.66666666666667
9,Student10,77.66666666666667
